precID,precname,splitID,splitname
1,AU0001,1,1 DEM
1,AU0001,2,1 REP
1,AU0001,3,1 NP
1,AU0001,4,FED11 DEM
1,AU0001,5,FED11 REP
6,AU0002,6,2 DEM
6,AU0002,7,2 REP
6,AU0002,8,2 NP
6,AU0002,9,FED11 DEM
6,AU0002,10,FED11 REP
11,AU0003,11,3 DEM
11,AU0003,12,3 REP
11,AU0003,13,3 NP
11,AU0003,14,FED11 DEM
11,AU0003,15,FED11 REP
11,AU0003,16,4 DEM
11,AU0003,17,4 REP
11,AU0003,18,4 NP
19,AU0004,19,5 DEM
19,AU0004,20,5 REP
19,AU0004,21,5 NP
19,AU0004,22,FED11 DEM
19,AU0004,23,FED11 REP
24,AU0005,24,6 DEM
24,AU0005,25,6 REP
24,AU0005,26,6 NP
24,AU0005,27,FED11 DEM
24,AU0005,28,FED11 REP
29,AU0006,29,7 DEM
29,AU0006,30,7 REP
29,AU0006,31,7 NP
29,AU0006,32,FED11 DEM
29,AU0006,33,FED11 REP
34,AU0007,34,8 DEM
34,AU0007,35,8 REP
34,AU0007,36,8 NP
34,AU0007,37,FED11 DEM
34,AU0007,38,FED11 REP
39,AU0008,39,9 DEM
39,AU0008,40,9 REP
39,AU0008,41,9 NP
39,AU0008,42,FED11 DEM
39,AU0008,43,FED11 REP
44,AU0009,44,10 DEM
44,AU0009,45,10 REP
44,AU0009,46,10 NP
44,AU0009,47,FED11 DEM
44,AU0009,48,FED11 REP
49,AU0010,49,11 DEM
49,AU0010,50,11 REP
49,AU0010,51,11 NP
49,AU0010,52,FED11 DEM
49,AU0010,53,FED11 REP
49,AU0010,54,12 DEM
49,AU0010,55,12 REP
49,AU0010,56,12 NP
57,AU0011,57,13 DEM
57,AU0011,58,13 REP
57,AU0011,59,13 NP
57,AU0011,60,FED11 DEM
57,AU0011,61,FED11 REP
62,AU0012,62,14 DEM
62,AU0012,63,14 REP
62,AU0012,64,14 NP
62,AU0012,65,FED11 DEM
62,AU0012,66,FED11 REP
67,AU0013,67,15 DEM
67,AU0013,68,15 REP
67,AU0013,69,15 NP
67,AU0013,70,FED11 DEM
67,AU0013,71,FED11 REP
72,AU0014,72,16 DEM
72,AU0014,73,16 REP
72,AU0014,74,16 NP
72,AU0014,75,FED11 DEM
72,AU0014,76,FED11 REP
77,AU0015,77,17 DEM
77,AU0015,78,17 REP
77,AU0015,79,17 NP
77,AU0015,80,FED11 DEM
77,AU0015,81,FED11 REP
82,BA0001,82,18 DEM
82,BA0001,83,18 REP
82,BA0001,84,FED14 DEM
82,BA0001,85,FED14 REP
86,BA0002,86,19 DEM
86,BA0002,87,19 REP
86,BA0002,88,FED14 DEM
86,BA0002,89,FED14 REP
86,BA0002,90,20 DEM
86,BA0002,91,20 REP
92,BA0003,92,21 DEM
92,BA0003,93,21 REP
92,BA0003,94,FED14 DEM
92,BA0003,95,FED14 REP
92,BA0003,96,22 DEM
92,BA0003,97,22 REP
98,BA0004,98,23 DEM
98,BA0004,99,23 REP
98,BA0004,100,FED14 DEM
98,BA0004,101,FED14 REP
102,BA0005,102,24 DEM
102,BA0005,103,24 REP
102,BA0005,104,FED14 DEM
102,BA0005,105,FED14 REP
106,BA0006,106,25 DEM
106,BA0006,107,25 REP
106,BA0006,108,FED14 DEM
106,BA0006,109,FED14 REP
110,BA0007,110,26 DEM
110,BA0007,111,26 REP
110,BA0007,112,FED14 DEM
110,BA0007,113,FED14 REP
114,BA0008,114,27 DEM
114,BA0008,115,27 REP
114,BA0008,116,FED14 DEM
114,BA0008,117,FED14 REP
114,BA0008,118,28 DEM
114,BA0008,119,28 REP
120,BA0009,120,29 DEM
120,BA0009,121,29 REP
120,BA0009,122,FED14 DEM
120,BA0009,123,FED14 REP
124,BA0010,124,30 DEM
124,BA0010,125,30 REP
124,BA0010,126,FED14 DEM
124,BA0010,127,FED14 REP
124,BA0010,128,31 DEM
124,BA0010,129,31 REP
130,BA0011,130,32 DEM
130,BA0011,131,32 REP
130,BA0011,132,FED14 DEM
130,BA0011,133,FED14 REP
130,BA0011,134,33 DEM
130,BA0011,135,33 REP
130,BA0011,136,33 NP
137,BA0012,137,34 DEM
137,BA0012,138,34 REP
137,BA0012,139,34 NP
137,BA0012,140,FED14 DEM
137,BA0012,141,FED14 REP
137,BA0012,142,35 DEM
137,BA0012,143,35 REP
144,BA0013,144,36 DEM
144,BA0013,145,36 REP
144,BA0013,146,FED14 DEM
144,BA0013,147,FED14 REP
148,BA0014,148,37 DEM
148,BA0014,149,37 REP
148,BA0014,150,FED14 DEM
148,BA0014,151,FED14 REP
152,BA0015,152,38 DEM
152,BA0015,153,38 REP
152,BA0015,154,FED14 DEM
152,BA0015,155,FED14 REP
156,BA0016,156,39 DEM
156,BA0016,157,39 REP
156,BA0016,158,FED14 DEM
156,BA0016,159,FED14 REP
160,BA0017,160,40 DEM
160,BA0017,161,40 REP
160,BA0017,162,FED14 DEM
160,BA0017,163,FED14 REP
164,BA0018,164,41 DEM
164,BA0018,165,41 REP
164,BA0018,166,FED14 DEM
164,BA0018,167,FED14 REP
168,BA0019,168,42 DEM
168,BA0019,169,42 REP
168,BA0019,170,42 NP
168,BA0019,171,FED14 DEM
168,BA0019,172,FED14 REP
168,BA0019,173,43 DEM
168,BA0019,174,43 REP
175,BA0020,175,44 DEM
175,BA0020,176,44 REP
175,BA0020,177,FED14 DEM
175,BA0020,178,FED14 REP
179,BA0021,179,45 DEM
179,BA0021,180,45 REP
179,BA0021,181,FED14 DEM
179,BA0021,182,FED14 REP
179,BA0021,183,46 DEM
179,BA0021,184,46 REP
179,BA0021,185,46 NP
186,BB0001,186,47 DEM
186,BB0001,187,47 REP
186,BB0001,188,FED14 DEM
186,BB0001,189,FED14 REP
190,BB0002,190,48 DEM
190,BB0002,191,48 REP
190,BB0002,192,FED14 DEM
190,BB0002,193,FED14 REP
190,BB0002,194,49 DEM
190,BB0002,195,49 REP
190,BB0002,196,49 NP
197,BB0003,197,50 DEM
197,BB0003,198,50 REP
197,BB0003,199,FED14 DEM
197,BB0003,200,FED14 REP
201,BB0004,201,51 DEM
201,BB0004,202,51 REP
201,BB0004,203,FED14 DEM
201,BB0004,204,FED14 REP
205,BB0005,205,52 DEM
205,BB0005,206,52 REP
205,BB0005,207,FED14 DEM
205,BB0005,208,FED14 REP
209,BB0006,209,53 DEM
209,BB0006,210,53 REP
209,BB0006,211,FED14 DEM
209,BB0006,212,FED14 REP
213,BR0001,213,54 DEM
213,BR0001,214,54 REP
213,BR0001,215,FED14 DEM
213,BR0001,216,FED14 REP
213,BR0001,217,55 DEM
213,BR0001,218,55 REP
219,BR0002,219,56 DEM
219,BR0002,220,56 REP
219,BR0002,221,FED14 DEM
219,BR0002,222,FED14 REP
223,BU0001,223,57 DEM
223,BU0001,224,57 REP
223,BU0001,225,FED14 DEM
223,BU0001,226,FED14 REP
223,BU0001,227,58 DEM
223,BU0001,228,58 REP
223,BU0001,229,59 DEM
223,BU0001,230,59 REP
231,CA0001,231,60 DEM
231,CA0001,232,60 REP
231,CA0001,233,FED14 DEM
231,CA0001,234,FED14 REP
235,CA0002,235,61 DEM
235,CA0002,236,61 REP
235,CA0002,237,FED14 DEM
235,CA0002,238,FED14 REP
235,CA0002,239,62 DEM
235,CA0002,240,62 REP
235,CA0002,241,62 NP
235,CA0002,242,63 DEM
235,CA0002,243,63 REP
235,CA0002,244,63 NP
245,CA0003,245,64 DEM
245,CA0003,246,64 REP
245,CA0003,247,FED14 DEM
245,CA0003,248,FED14 REP
245,CA0003,249,65 DEM
245,CA0003,250,65 REP
245,CA0003,251,65 NP
252,CA0004,252,66 DEM
252,CA0004,253,66 REP
252,CA0004,254,FED14 DEM
252,CA0004,255,FED14 REP
252,CA0004,256,67 DEM
252,CA0004,257,67 REP
252,CA0004,258,67 NP
252,CA0004,259,68 DEM
252,CA0004,260,68 REP
252,CA0004,261,68 NP
252,CA0004,262,69 DEM
252,CA0004,263,69 REP
252,CA0004,264,70 DEM
252,CA0004,265,70 REP
252,CA0004,266,70 NP
252,CA0004,267,71 DEM
252,CA0004,268,71 REP
252,CA0004,269,71 NP
270,CA0005,270,72 DEM
270,CA0005,271,72 REP
270,CA0005,272,FED14 DEM
270,CA0005,273,FED14 REP
270,CA0005,274,73 DEM
270,CA0005,275,73 REP
270,CA0005,276,73 NP
270,CA0005,277,74 DEM
270,CA0005,278,74 REP
270,CA0005,279,74 NP
280,CA0006,280,75 DEM
280,CA0006,281,75 REP
280,CA0006,282,FED14 DEM
280,CA0006,283,FED14 REP
284,CA0007,284,76 DEM
284,CA0007,285,76 REP
284,CA0007,286,FED14 DEM
284,CA0007,287,FED14 REP
284,CA0007,288,77 DEM
284,CA0007,289,77 REP
284,CA0007,290,77 NP
284,CA0007,291,78 DEM
284,CA0007,292,78 REP
284,CA0007,293,78 NP
284,CA0007,294,79 DEM
284,CA0007,295,79 REP
296,CA0008,296,80 DEM
296,CA0008,297,80 REP
296,CA0008,298,FED14 DEM
296,CA0008,299,FED14 REP
296,CA0008,300,81 DEM
296,CA0008,301,81 REP
296,CA0008,302,81 NP
303,CA0009,303,82 DEM
303,CA0009,304,82 REP
303,CA0009,305,FED14 DEM
303,CA0009,306,FED14 REP
303,CA0009,307,83 DEM
303,CA0009,308,83 REP
303,CA0009,309,83 NP
303,CA0009,310,84 DEM
303,CA0009,311,84 REP
312,CA0010,312,85 DEM
312,CA0010,313,85 REP
312,CA0010,314,85 NP
312,CA0010,315,FED14 DEM
312,CA0010,316,FED14 REP
317,DU0001,317,86 DEM
317,DU0001,318,86 REP
317,DU0001,319,FED06 DEM
317,DU0001,320,FED06 REP
321,DU0002,321,87 DEM
321,DU0002,322,87 REP
321,DU0002,323,FED06 DEM
321,DU0002,324,FED06 REP
321,DU0002,325,88 DEM
321,DU0002,326,88 REP
321,DU0002,327,88 NP
328,DU0003,328,89 DEM
328,DU0003,329,89 REP
328,DU0003,330,FED08 DEM
328,DU0003,331,FED08 REP
328,DU0003,332,90 DEM
328,DU0003,333,90 REP
334,DU0004,334,91 DEM
334,DU0004,335,91 REP
334,DU0004,336,FED06 DEM
334,DU0004,337,FED06 REP
334,DU0004,338,92 DEM
334,DU0004,339,92 REP
334,DU0004,340,92 NP
341,DU0005,341,93 DEM
341,DU0005,342,93 REP
341,DU0005,343,FED08 DEM
341,DU0005,344,FED08 REP
345,DU0006,345,94 DEM
345,DU0006,346,94 REP
345,DU0006,347,FED08 DEM
345,DU0006,348,FED08 REP
349,DU0007,349,95 DEM
349,DU0007,350,95 REP
349,DU0007,351,FED08 DEM
349,DU0007,352,FED08 REP
349,DU0007,353,96 DEM
349,DU0007,354,96 REP
349,DU0007,355,96 NP
356,DU0008,356,97 DEM
356,DU0008,357,97 REP
356,DU0008,358,FED08 DEM
356,DU0008,359,FED08 REP
360,DU0009,360,98 DEM
360,DU0009,361,98 REP
360,DU0009,362,FED08 DEM
360,DU0009,363,FED08 REP
364,DU0010,364,99 DEM
364,DU0010,365,99 REP
364,DU0010,366,FED08 DEM
364,DU0010,367,FED08 REP
368,DU0011,368,100 DEM
368,DU0011,369,100 REP
368,DU0011,370,FED08 DEM
368,DU0011,371,FED08 REP
368,DU0011,372,101 DEM
368,DU0011,373,101 REP
368,DU0011,374,101 NP
368,DU0011,375,102 DEM
368,DU0011,376,102 REP
368,DU0011,377,102 NP
378,DU0012,378,103 DEM
378,DU0012,379,103 REP
378,DU0012,380,FED08 DEM
378,DU0012,381,FED08 REP
382,DU0013,382,104 DEM
382,DU0013,383,104 REP
382,DU0013,384,FED08 DEM
382,DU0013,385,FED08 REP
386,DU0014,386,105 DEM
386,DU0014,387,105 REP
386,DU0014,388,FED08 DEM
386,DU0014,389,FED08 REP
390,DU0015,390,106 DEM
390,DU0015,391,106 REP
390,DU0015,392,FED08 DEM
390,DU0015,393,FED08 REP
390,DU0015,394,107 DEM
390,DU0015,395,107 REP
390,DU0015,396,107 NP
397,DU0016,397,108 DEM
397,DU0016,398,108 REP
397,DU0016,399,FED06 DEM
397,DU0016,400,FED06 REP
401,DU0017,401,109 DEM
401,DU0017,402,109 REP
401,DU0017,403,FED08 DEM
401,DU0017,404,FED08 REP
405,DU0018,405,110 DEM
405,DU0018,406,110 REP
405,DU0018,407,FED06 DEM
405,DU0018,408,FED06 REP
405,DU0018,409,111 DEM
405,DU0018,410,111 REP
411,DU0019,411,112 DEM
411,DU0019,412,112 REP
411,DU0019,413,FED08 DEM
411,DU0019,414,FED08 REP
415,DU0020,415,113 DEM
415,DU0020,416,113 REP
415,DU0020,417,113 NP
415,DU0020,418,FED06 DEM
415,DU0020,419,FED06 REP
420,DU0021,420,114 DEM
420,DU0021,421,114 REP
420,DU0021,422,FED08 DEM
420,DU0021,423,FED08 REP
424,DU0022,424,115 DEM
424,DU0022,425,115 REP
424,DU0022,426,115 NP
424,DU0022,427,FED06 DEM
424,DU0022,428,FED06 REP
429,DU0023,429,116 DEM
429,DU0023,430,116 REP
429,DU0023,431,116 NP
429,DU0023,432,FED06 DEM
429,DU0023,433,FED06 REP
429,DU0023,434,117 DEM
429,DU0023,435,117 REP
429,DU0023,436,118 DEM
429,DU0023,437,118 REP
429,DU0023,438,118 NP
439,DU0024,439,119 DEM
439,DU0024,440,119 REP
439,DU0024,441,FED06 DEM
439,DU0024,442,FED06 REP
443,DU0025,443,120 DEM
443,DU0025,444,120 REP
443,DU0025,445,FED06 DEM
443,DU0025,446,FED06 REP
447,DU0026,447,121 DEM
447,DU0026,448,121 REP
447,DU0026,449,FED06 DEM
447,DU0026,450,FED06 REP
447,DU0026,451,122 DEM
447,DU0026,452,122 REP
447,DU0026,453,122 NP
454,DU0027,454,123 DEM
454,DU0027,455,123 REP
454,DU0027,456,FED06 DEM
454,DU0027,457,FED06 REP
454,DU0027,458,124 DEM
454,DU0027,459,124 REP
460,DU0028,460,125 DEM
460,DU0028,461,125 REP
460,DU0028,462,125 NP
460,DU0028,463,FED06 DEM
460,DU0028,464,FED06 REP
460,DU0028,465,126 DEM
460,DU0028,466,126 REP
467,DU0029,467,127 DEM
467,DU0029,468,127 REP
467,DU0029,469,FED06 DEM
467,DU0029,470,FED06 REP
471,DU0030,471,128 DEM
471,DU0030,472,128 REP
471,DU0030,473,FED06 DEM
471,DU0030,474,FED06 REP
475,DU0031,475,129 DEM
475,DU0031,476,129 REP
475,DU0031,477,FED06 DEM
475,DU0031,478,FED06 REP
479,DU0032,479,130 DEM
479,DU0032,480,130 REP
479,DU0032,481,FED06 DEM
479,DU0032,482,FED06 REP
483,DU0033,483,131 DEM
483,DU0033,484,131 REP
483,DU0033,485,131 NP
483,DU0033,486,FED06 DEM
483,DU0033,487,FED06 REP
483,DU0033,488,132 DEM
483,DU0033,489,132 REP
490,DU0034,490,133 DEM
490,DU0034,491,133 REP
490,DU0034,492,FED06 DEM
490,DU0034,493,FED06 REP
490,DU0034,494,134 DEM
490,DU0034,495,134 REP
490,DU0034,496,134 NP
497,DU0035,497,135 DEM
497,DU0035,498,135 REP
497,DU0035,499,FED06 DEM
497,DU0035,500,FED06 REP
501,EL0001,501,136 DEM
501,EL0001,502,136 REP
501,EL0001,503,FED08 DEM
501,EL0001,504,FED08 REP
505,EL0002,505,137 DEM
505,EL0002,506,137 REP
505,EL0002,507,FED08 DEM
505,EL0002,508,FED08 REP
509,EL0003,509,138 DEM
509,EL0003,510,138 REP
509,EL0003,511,FED08 DEM
509,EL0003,512,FED08 REP
513,EL0004,513,139 DEM
513,EL0004,514,139 REP
513,EL0004,515,FED08 DEM
513,EL0004,516,FED08 REP
517,EL0005,517,140 DEM
517,EL0005,518,140 REP
517,EL0005,519,FED08 DEM
517,EL0005,520,FED08 REP
521,EL0006,521,141 DEM
521,EL0006,522,141 REP
521,EL0006,523,FED08 DEM
521,EL0006,524,FED08 REP
525,EL0007,525,142 DEM
525,EL0007,526,142 REP
525,EL0007,527,FED06 DEM
525,EL0007,528,FED06 REP
525,EL0007,529,143 DEM
525,EL0007,530,143 REP
525,EL0007,531,143 NP
532,EL0008,532,144 DEM
532,EL0008,533,144 REP
532,EL0008,534,FED06 DEM
532,EL0008,535,FED06 REP
536,EL0009,536,145 DEM
536,EL0009,537,145 REP
536,EL0009,538,FED08 DEM
536,EL0009,539,FED08 REP
540,EL0010,540,146 DEM
540,EL0010,541,146 REP
540,EL0010,542,FED08 DEM
540,EL0010,543,FED08 REP
540,EL0010,544,147 DEM
540,EL0010,545,147 REP
540,EL0010,546,148 DEM
540,EL0010,547,148 REP
540,EL0010,548,FED06 DEM
540,EL0010,549,FED06 REP
540,EL0010,550,149 DEM
540,EL0010,551,149 REP
540,EL0010,552,149 NP
540,EL0010,553,150 DEM
540,EL0010,554,150 REP
540,EL0010,555,151 DEM
540,EL0010,556,151 REP
540,EL0010,557,151 NP
558,EL0011,558,152 DEM
558,EL0011,559,152 REP
558,EL0011,560,FED08 DEM
558,EL0011,561,FED08 REP
562,EL0012,562,153 DEM
562,EL0012,563,153 REP
562,EL0012,564,FED08 DEM
562,EL0012,565,FED08 REP
562,EL0012,566,154 DEM
562,EL0012,567,154 REP
568,EL0013,568,155 DEM
568,EL0013,569,155 REP
568,EL0013,570,FED08 DEM
568,EL0013,571,FED08 REP
572,EL0014,572,156 DEM
572,EL0014,573,156 REP
572,EL0014,574,FED08 DEM
572,EL0014,575,FED08 REP
572,EL0014,576,157 DEM
572,EL0014,577,157 REP
572,EL0014,578,157 NP
579,EL0015,579,158 DEM
579,EL0015,580,158 REP
579,EL0015,581,FED06 DEM
579,EL0015,582,FED06 REP
583,EL0016,583,159 DEM
583,EL0016,584,159 REP
583,EL0016,585,FED06 DEM
583,EL0016,586,FED06 REP
583,EL0016,587,160 DEM
583,EL0016,588,160 REP
583,EL0016,589,160 NP
590,EL0017,590,161 DEM
590,EL0017,591,161 REP
590,EL0017,592,FED08 DEM
590,EL0017,593,FED08 REP
594,EL0018,594,162 DEM
594,EL0018,595,162 REP
594,EL0018,596,FED08 DEM
594,EL0018,597,FED08 REP
598,EL0019,598,163 DEM
598,EL0019,599,163 REP
598,EL0019,600,FED08 DEM
598,EL0019,601,FED08 REP
602,EL0020,602,164 DEM
602,EL0020,603,164 REP
602,EL0020,604,FED08 DEM
602,EL0020,605,FED08 REP
606,EL0021,606,165 DEM
606,EL0021,607,165 REP
606,EL0021,608,165 NP
606,EL0021,609,FED06 DEM
606,EL0021,610,FED06 REP
611,EL0022,611,166 DEM
611,EL0022,612,166 REP
611,EL0022,613,FED08 DEM
611,EL0022,614,FED08 REP
615,EL0023,615,167 DEM
615,EL0023,616,167 REP
615,EL0023,617,FED08 DEM
615,EL0023,618,FED08 REP
619,EL0024,619,168 DEM
619,EL0024,620,168 REP
619,EL0024,621,168 NP
619,EL0024,622,FED06 DEM
619,EL0024,623,FED06 REP
619,EL0024,624,169 DEM
619,EL0024,625,169 REP
626,EL0025,626,170 DEM
626,EL0025,627,170 REP
626,EL0025,628,FED08 DEM
626,EL0025,629,FED08 REP
630,EL0026,630,171 DEM
630,EL0026,631,171 REP
630,EL0026,632,FED08 DEM
630,EL0026,633,FED08 REP
634,EL0027,634,172 DEM
634,EL0027,635,172 REP
634,EL0027,636,FED08 DEM
634,EL0027,637,FED08 REP
638,EL0028,638,173 DEM
638,EL0028,639,173 REP
638,EL0028,640,FED08 DEM
638,EL0028,641,FED08 REP
642,EL0029,642,174 DEM
642,EL0029,643,174 REP
642,EL0029,644,FED08 DEM
642,EL0029,645,FED08 REP
646,EL0030,646,175 DEM
646,EL0030,647,175 REP
646,EL0030,648,FED08 DEM
646,EL0030,649,FED08 REP
646,EL0030,650,176 DEM
646,EL0030,651,176 REP
652,EL0031,652,177 DEM
652,EL0031,653,177 REP
652,EL0031,654,FED08 DEM
652,EL0031,655,FED08 REP
656,EL0032,656,178 DEM
656,EL0032,657,178 REP
656,EL0032,658,FED08 DEM
656,EL0032,659,FED08 REP
660,EL0033,660,179 DEM
660,EL0033,661,179 REP
660,EL0033,662,FED08 DEM
660,EL0033,663,FED08 REP
664,EL0034,664,180 DEM
664,EL0034,665,180 REP
664,EL0034,666,FED08 DEM
664,EL0034,667,FED08 REP
668,EL0035,668,181 DEM
668,EL0035,669,181 REP
668,EL0035,670,FED08 DEM
668,EL0035,671,FED08 REP
672,EL0036,672,182 DEM
672,EL0036,673,182 REP
672,EL0036,674,182 NP
672,EL0036,675,FED06 DEM
672,EL0036,676,FED06 REP
672,EL0036,677,183 DEM
672,EL0036,678,183 REP
672,EL0036,679,183 NP
672,EL0036,680,184 DEM
672,EL0036,681,184 REP
672,EL0036,682,184 NP
683,EL0037,683,185 DEM
683,EL0037,684,185 REP
683,EL0037,685,FED08 DEM
683,EL0037,686,FED08 REP
683,EL0037,687,186 DEM
683,EL0037,688,186 REP
683,EL0037,689,186 NP
683,EL0037,690,187 DEM
683,EL0037,691,187 REP
692,EL0038,692,188 DEM
692,EL0038,693,188 REP
692,EL0038,694,188 NP
692,EL0038,695,FED06 DEM
692,EL0038,696,FED06 REP
697,EL0039,697,189 DEM
697,EL0039,698,189 REP
697,EL0039,699,189 NP
697,EL0039,700,FED06 DEM
697,EL0039,701,FED06 REP
697,EL0039,702,190 DEM
697,EL0039,703,190 REP
697,EL0039,704,190 NP
705,EL0040,705,191 DEM
705,EL0040,706,191 REP
705,EL0040,707,FED08 DEM
705,EL0040,708,FED08 REP
709,EL0041,709,192 DEM
709,EL0041,710,192 REP
709,EL0041,711,FED08 DEM
709,EL0041,712,FED08 REP
713,EL0042,713,193 DEM
713,EL0042,714,193 REP
713,EL0042,715,FED08 DEM
713,EL0042,716,FED08 REP
717,EL0043,717,194 DEM
717,EL0043,718,194 REP
717,EL0043,719,FED08 DEM
717,EL0043,720,FED08 REP
721,EL0044,721,195 DEM
721,EL0044,722,195 REP
721,EL0044,723,FED08 DEM
721,EL0044,724,FED08 REP
725,EL0045,725,196 DEM
725,EL0045,726,196 REP
725,EL0045,727,FED08 DEM
725,EL0045,728,FED08 REP
729,EL0046,729,197 DEM
729,EL0046,730,197 REP
729,EL0046,731,FED08 DEM
729,EL0046,732,FED08 REP
729,EL0046,733,198 DEM
729,EL0046,734,198 REP
735,EL0047,735,199 DEM
735,EL0047,736,199 REP
735,EL0047,737,199 NP
735,EL0047,738,FED06 DEM
735,EL0047,739,FED06 REP
735,EL0047,740,200 DEM
735,EL0047,741,200 REP
735,EL0047,742,200 NP
735,EL0047,743,201 DEM
735,EL0047,744,201 REP
745,EL0048,745,202 DEM
745,EL0048,746,202 REP
745,EL0048,747,FED06 DEM
745,EL0048,748,FED06 REP
749,EL0049,749,203 DEM
749,EL0049,750,203 REP
749,EL0049,751,FED08 DEM
749,EL0049,752,FED08 REP
749,EL0049,753,204 DEM
749,EL0049,754,204 REP
749,EL0049,755,204 NP
749,EL0049,756,205 DEM
749,EL0049,757,205 REP
749,EL0049,758,205 NP
759,EL0050,759,206 DEM
759,EL0050,760,206 REP
759,EL0050,761,FED06 DEM
759,EL0050,762,FED06 REP
759,EL0050,763,207 DEM
759,EL0050,764,207 REP
759,EL0050,765,207 NP
766,EL0051,766,208 DEM
766,EL0051,767,208 REP
766,EL0051,768,FED06 DEM
766,EL0051,769,FED06 REP
766,EL0051,770,209 DEM
766,EL0051,771,209 REP
766,EL0051,772,209 NP
766,EL0051,773,210 DEM
766,EL0051,774,210 REP
766,EL0051,775,210 NP
776,EL0052,776,211 DEM
776,EL0052,777,211 REP
776,EL0052,778,FED08 DEM
776,EL0052,779,FED08 REP
780,EL0053,780,212 DEM
780,EL0053,781,212 REP
780,EL0053,782,FED06 DEM
780,EL0053,783,FED06 REP
780,EL0053,784,213 DEM
780,EL0053,785,213 REP
780,EL0053,786,213 NP
787,EL0054,787,214 DEM
787,EL0054,788,214 REP
787,EL0054,789,FED06 DEM
787,EL0054,790,FED06 REP
787,EL0054,791,215 DEM
787,EL0054,792,215 REP
787,EL0054,793,215 NP
794,EL0055,794,216 DEM
794,EL0055,795,216 REP
794,EL0055,796,216 NP
794,EL0055,797,FED06 DEM
794,EL0055,798,FED06 REP
799,EL0056,799,217 DEM
799,EL0056,800,217 REP
799,EL0056,801,217 NP
799,EL0056,802,FED06 DEM
799,EL0056,803,FED06 REP
799,EL0056,804,218 DEM
799,EL0056,805,218 REP
799,EL0056,806,218 NP
807,EL0057,807,219 DEM
807,EL0057,808,219 REP
807,EL0057,809,FED08 DEM
807,EL0057,810,FED08 REP
807,EL0057,811,220 DEM
807,EL0057,812,220 REP
807,EL0057,813,220 NP
807,EL0057,814,221 DEM
807,EL0057,815,221 REP
807,EL0057,816,221 NP
807,EL0057,817,222 DEM
807,EL0057,818,222 REP
807,EL0057,819,222 NP
807,EL0057,820,FED06 DEM
807,EL0057,821,FED06 REP
822,EL0058,822,223 DEM
822,EL0058,823,223 REP
822,EL0058,824,FED06 DEM
822,EL0058,825,FED06 REP
822,EL0058,826,224 DEM
822,EL0058,827,224 REP
822,EL0058,828,224 NP
822,EL0058,829,225 DEM
822,EL0058,830,225 REP
822,EL0058,831,225 NP
832,EL0059,832,226 DEM
832,EL0059,833,226 REP
832,EL0059,834,FED06 DEM
832,EL0059,835,FED06 REP
832,EL0059,836,227 DEM
832,EL0059,837,227 REP
832,EL0059,838,227 NP
839,GE0001,839,228 DEM
839,GE0001,840,228 REP
839,GE0001,841,228 NP
839,GE0001,842,FED14 DEM
839,GE0001,843,FED14 REP
844,GE0002,844,229 DEM
844,GE0002,845,229 REP
844,GE0002,846,229 NP
844,GE0002,847,FED14 DEM
844,GE0002,848,FED14 REP
849,GE0003,849,230 DEM
849,GE0003,850,230 REP
849,GE0003,851,230 NP
849,GE0003,852,FED14 DEM
849,GE0003,853,FED14 REP
854,GE0004,854,231 DEM
854,GE0004,855,231 REP
854,GE0004,856,231 NP
854,GE0004,857,FED14 DEM
854,GE0004,858,FED14 REP
859,GE0005,859,232 DEM
859,GE0005,860,232 REP
859,GE0005,861,232 NP
859,GE0005,862,FED14 DEM
859,GE0005,863,FED14 REP
864,GE0006,864,233 DEM
864,GE0006,865,233 REP
864,GE0006,866,FED14 DEM
864,GE0006,867,FED14 REP
864,GE0006,868,234 DEM
864,GE0006,869,234 REP
864,GE0006,870,234 NP
871,GE0007,871,235 DEM
871,GE0007,872,235 REP
871,GE0007,873,235 NP
871,GE0007,874,FED14 DEM
871,GE0007,875,FED14 REP
876,GE0008,876,236 DEM
876,GE0008,877,236 REP
876,GE0008,878,236 NP
876,GE0008,879,FED14 DEM
876,GE0008,880,FED14 REP
881,GE0009,881,237 DEM
881,GE0009,882,237 REP
881,GE0009,883,237 NP
881,GE0009,884,FED14 DEM
881,GE0009,885,FED14 REP
886,GE0010,886,238 DEM
886,GE0010,887,238 REP
886,GE0010,888,FED14 DEM
886,GE0010,889,FED14 REP
890,GE0011,890,239 DEM
890,GE0011,891,239 REP
890,GE0011,892,FED14 DEM
890,GE0011,893,FED14 REP
890,GE0011,894,240 DEM
890,GE0011,895,240 REP
890,GE0011,896,240 NP
897,GE0012,897,241 DEM
897,GE0012,898,241 REP
897,GE0012,899,FED14 DEM
897,GE0012,900,FED14 REP
897,GE0012,901,242 DEM
897,GE0012,902,242 REP
897,GE0012,903,242 NP
904,GE0013,904,243 DEM
904,GE0013,905,243 REP
904,GE0013,906,FED14 DEM
904,GE0013,907,FED14 REP
908,GE0014,908,244 DEM
908,GE0014,909,244 REP
908,GE0014,910,FED14 DEM
908,GE0014,911,FED14 REP
908,GE0014,912,245 DEM
908,GE0014,913,245 REP
908,GE0014,914,245 NP
915,GE0015,915,246 DEM
915,GE0015,916,246 REP
915,GE0015,917,FED14 DEM
915,GE0015,918,FED14 REP
915,GE0015,919,247 DEM
915,GE0015,920,247 REP
915,GE0015,921,247 NP
915,GE0015,922,248 DEM
915,GE0015,923,248 REP
915,GE0015,924,248 NP
925,GE0016,925,249 DEM
925,GE0016,926,249 REP
925,GE0016,927,FED14 DEM
925,GE0016,928,FED14 REP
925,GE0016,929,250 DEM
925,GE0016,930,250 REP
925,GE0016,931,250 NP
932,GE0017,932,251 DEM
932,GE0017,933,251 REP
932,GE0017,934,FED14 DEM
932,GE0017,935,FED14 REP
932,GE0017,936,252 DEM
932,GE0017,937,252 REP
932,GE0017,938,252 NP
939,GE0018,939,253 DEM
939,GE0018,940,253 REP
939,GE0018,941,253 NP
939,GE0018,942,FED14 DEM
939,GE0018,943,FED14 REP
939,GE0018,944,254 DEM
939,GE0018,945,254 REP
946,GE0019,946,255 DEM
946,GE0019,947,255 REP
946,GE0019,948,255 NP
946,GE0019,949,FED14 DEM
946,GE0019,950,FED14 REP
951,GE0020,951,256 DEM
951,GE0020,952,256 REP
951,GE0020,953,FED14 DEM
951,GE0020,954,FED14 REP
951,GE0020,955,257 DEM
951,GE0020,956,257 REP
951,GE0020,957,257 NP
958,GE0021,958,258 DEM
958,GE0021,959,258 REP
958,GE0021,960,258 NP
958,GE0021,961,FED14 DEM
958,GE0021,962,FED14 REP
958,GE0021,963,259 DEM
958,GE0021,964,259 REP
965,HA0001,965,260 DEM
965,HA0001,966,260 REP
965,HA0001,967,FED14 DEM
965,HA0001,968,FED14 REP
965,HA0001,969,261 DEM
965,HA0001,970,261 REP
965,HA0001,971,261 NP
965,HA0001,972,262 DEM
965,HA0001,973,262 REP
965,HA0001,974,263 DEM
965,HA0001,975,263 REP
965,HA0001,976,263 NP
977,HA0002,977,264 DEM
977,HA0002,978,264 REP
977,HA0002,979,264 NP
977,HA0002,980,FED14 DEM
977,HA0002,981,FED14 REP
977,HA0002,982,265 DEM
977,HA0002,983,265 REP
984,HA0003,984,266 DEM
984,HA0003,985,266 REP
984,HA0003,986,266 NP
984,HA0003,987,FED14 DEM
984,HA0003,988,FED14 REP
989,KA0001,989,267 DEM
989,KA0001,990,267 REP
989,KA0001,991,FED14 DEM
989,KA0001,992,FED14 REP
993,PL0001,993,268 DEM
993,PL0001,994,268 REP
993,PL0001,995,268 NP
993,PL0001,996,FED14 DEM
993,PL0001,997,FED14 REP
993,PL0001,998,269 DEM
993,PL0001,999,269 REP
993,PL0001,1000,269 NP
993,PL0001,1001,270 DEM
993,PL0001,1002,270 REP
1003,PL0002,1003,271 DEM
1003,PL0002,1004,271 REP
1003,PL0002,1005,271 NP
1003,PL0002,1006,FED14 DEM
1003,PL0002,1007,FED14 REP
1003,PL0002,1008,272 DEM
1003,PL0002,1009,272 REP
1003,PL0002,1010,273 DEM
1003,PL0002,1011,273 REP
1003,PL0002,1012,273 NP
1013,PL0003,1013,274 DEM
1013,PL0003,1014,274 REP
1013,PL0003,1015,274 NP
1013,PL0003,1016,FED14 DEM
1013,PL0003,1017,FED14 REP
1013,PL0003,1018,275 DEM
1013,PL0003,1019,275 REP
1013,PL0003,1020,275 NP
1013,PL0003,1021,276 DEM
1013,PL0003,1022,276 REP
1013,PL0003,1023,277 DEM
1013,PL0003,1024,277 REP
1013,PL0003,1025,277 NP
1013,PL0003,1026,278 DEM
1013,PL0003,1027,278 REP
1028,RU0001,1028,279 DEM
1028,RU0001,1029,279 REP
1028,RU0001,1030,FED06 DEM
1028,RU0001,1031,FED06 REP
1028,RU0001,1032,280 DEM
1028,RU0001,1033,280 REP
1028,RU0001,1034,280 NP
1028,RU0001,1035,281 DEM
1028,RU0001,1036,281 REP
1028,RU0001,1037,281 NP
1028,RU0001,1038,282 DEM
1028,RU0001,1039,282 REP
1028,RU0001,1040,283 DEM
1028,RU0001,1041,283 REP
1028,RU0001,1042,283 NP
1028,RU0001,1043,284 DEM
1028,RU0001,1044,284 REP
1028,RU0001,1045,284 NP
1046,RU0002,1046,285 DEM
1046,RU0002,1047,285 REP
1046,RU0002,1048,FED14 DEM
1046,RU0002,1049,FED14 REP
1046,RU0002,1050,286 DEM
1046,RU0002,1051,286 REP
1046,RU0002,1052,287 DEM
1046,RU0002,1053,287 REP
1046,RU0002,1054,287 NP
1046,RU0002,1055,288 DEM
1046,RU0002,1056,288 REP
1046,RU0002,1057,288 NP
1058,RU0003,1058,289 DEM
1058,RU0003,1059,289 REP
1058,RU0003,1060,FED14 DEM
1058,RU0003,1061,FED14 REP
1062,RU0004,1062,290 DEM
1062,RU0004,1063,290 REP
1062,RU0004,1064,FED14 DEM
1062,RU0004,1065,FED14 REP
1066,RU0005,1066,291 DEM
1066,RU0005,1067,291 REP
1066,RU0005,1068,291 NP
1066,RU0005,1069,FED06 DEM
1066,RU0005,1070,FED06 REP
1066,RU0005,1071,292 DEM
1066,RU0005,1072,292 REP
1066,RU0005,1073,292 NP
1074,RU0006,1074,293 DEM
1074,RU0006,1075,293 REP
1074,RU0006,1076,293 NP
1074,RU0006,1077,FED06 DEM
1074,RU0006,1078,FED06 REP
1074,RU0006,1079,294 DEM
1074,RU0006,1080,294 REP
1074,RU0006,1081,294 NP
1074,RU0006,1082,295 DEM
1074,RU0006,1083,295 REP
1074,RU0006,1084,295 NP
1074,RU0006,1085,296 DEM
1074,RU0006,1086,296 REP
1074,RU0006,1087,296 NP
1088,RU0007,1088,297 DEM
1088,RU0007,1089,297 REP
1088,RU0007,1090,FED14 DEM
1088,RU0007,1091,FED14 REP
1092,RU0008,1092,298 DEM
1092,RU0008,1093,298 REP
1092,RU0008,1094,FED14 DEM
1092,RU0008,1095,FED14 REP
1092,RU0008,1096,299 DEM
1092,RU0008,1097,299 REP
1098,RU0009,1098,300 DEM
1098,RU0009,1099,300 REP
1098,RU0009,1100,FED14 DEM
1098,RU0009,1101,FED14 REP
1102,SC0001,1102,301 DEM
1102,SC0001,1103,301 REP
1102,SC0001,1104,FED06 DEM
1102,SC0001,1105,FED06 REP
1102,SC0001,1106,302 DEM
1102,SC0001,1107,302 REP
1102,SC0001,1108,FED14 DEM
1102,SC0001,1109,FED14 REP
1110,SC0002,1110,303 DEM
1110,SC0002,1111,303 REP
1110,SC0002,1112,303 NP
1110,SC0002,1113,FED06 DEM
1110,SC0002,1114,FED06 REP
1110,SC0002,1115,304 DEM
1110,SC0002,1116,304 REP
1117,SC0003,1117,305 DEM
1117,SC0003,1118,305 REP
1117,SC0003,1119,305 NP
1117,SC0003,1120,FED06 DEM
1117,SC0003,1121,FED06 REP
1117,SC0003,1122,306 DEM
1117,SC0003,1123,306 REP
1117,SC0003,1124,307 DEM
1117,SC0003,1125,307 REP
1117,SC0003,1126,FED14 DEM
1117,SC0003,1127,FED14 REP
1128,SC0004,1128,308 DEM
1128,SC0004,1129,308 REP
1128,SC0004,1130,FED14 DEM
1128,SC0004,1131,FED14 REP
1132,SC0005,1132,309 DEM
1132,SC0005,1133,309 REP
1132,SC0005,1134,FED14 DEM
1132,SC0005,1135,FED14 REP
1136,SC0006,1136,310 DEM
1136,SC0006,1137,310 REP
1136,SC0006,1138,FED14 DEM
1136,SC0006,1139,FED14 REP
1140,SC0007,1140,311 DEM
1140,SC0007,1141,311 REP
1140,SC0007,1142,311 NP
1140,SC0007,1143,FED06 DEM
1140,SC0007,1144,FED06 REP
1140,SC0007,1145,312 DEM
1140,SC0007,1146,312 REP
1140,SC0007,1147,312 NP
1140,SC0007,1148,313 DEM
1140,SC0007,1149,313 REP
1140,SC0007,1150,314 DEM
1140,SC0007,1151,314 REP
1140,SC0007,1152,314 NP
1153,SC0008,1153,315 DEM
1153,SC0008,1154,315 REP
1153,SC0008,1155,315 NP
1153,SC0008,1156,FED06 DEM
1153,SC0008,1157,FED06 REP
1153,SC0008,1158,316 DEM
1153,SC0008,1159,316 REP
1160,SC0009,1160,317 DEM
1160,SC0009,1161,317 REP
1160,SC0009,1162,FED14 DEM
1160,SC0009,1163,FED14 REP
1164,SC0010,1164,318 DEM
1164,SC0010,1165,318 REP
1164,SC0010,1166,FED14 DEM
1164,SC0010,1167,FED14 REP
1168,SC0011,1168,319 DEM
1168,SC0011,1169,319 REP
1168,SC0011,1170,319 NP
1168,SC0011,1171,FED06 DEM
1168,SC0011,1172,FED06 REP
1168,SC0011,1173,320 DEM
1168,SC0011,1174,320 REP
1168,SC0011,1175,320 NP
1176,SC0012,1176,321 DEM
1176,SC0012,1177,321 REP
1176,SC0012,1178,321 NP
1176,SC0012,1179,FED06 DEM
1176,SC0012,1180,FED06 REP
1176,SC0012,1181,322 DEM
1176,SC0012,1182,322 REP
1176,SC0012,1183,322 NP
1184,SC0013,1184,323 DEM
1184,SC0013,1185,323 REP
1184,SC0013,1186,FED14 DEM
1184,SC0013,1187,FED14 REP
1188,SC0014,1188,324 DEM
1188,SC0014,1189,324 REP
1188,SC0014,1190,FED14 DEM
1188,SC0014,1191,FED14 REP
1192,SC0015,1192,325 DEM
1192,SC0015,1193,325 REP
1192,SC0015,1194,FED14 DEM
1192,SC0015,1195,FED14 REP
1196,SC0016,1196,326 DEM
1196,SC0016,1197,326 REP
1196,SC0016,1198,FED06 DEM
1196,SC0016,1199,FED06 REP
1200,SC0017,1200,327 DEM
1200,SC0017,1201,327 REP
1200,SC0017,1202,327 NP
1200,SC0017,1203,FED06 DEM
1200,SC0017,1204,FED06 REP
1200,SC0017,1205,328 DEM
1200,SC0017,1206,328 REP
1200,SC0017,1207,328 NP
1208,SC0018,1208,329 DEM
1208,SC0018,1209,329 REP
1208,SC0018,1210,FED14 DEM
1208,SC0018,1211,FED14 REP
1212,SC0019,1212,330 DEM
1212,SC0019,1213,330 REP
1212,SC0019,1214,FED14 DEM
1212,SC0019,1215,FED14 REP
1216,SC0020,1216,331 DEM
1216,SC0020,1217,331 REP
1216,SC0020,1218,FED14 DEM
1216,SC0020,1219,FED14 REP
1220,SC0021,1220,332 DEM
1220,SC0021,1221,332 REP
1220,SC0021,1222,332 NP
1220,SC0021,1223,FED14 DEM
1220,SC0021,1224,FED14 REP
1220,SC0021,1225,333 DEM
1220,SC0021,1226,333 REP
1227,SC0022,1227,334 DEM
1227,SC0022,1228,334 REP
1227,SC0022,1229,334 NP
1227,SC0022,1230,FED06 DEM
1227,SC0022,1231,FED06 REP
1227,SC0022,1232,335 DEM
1227,SC0022,1233,335 REP
1234,SC0023,1234,336 DEM
1234,SC0023,1235,336 REP
1234,SC0023,1236,FED14 DEM
1234,SC0023,1237,FED14 REP
1238,SC0024,1238,337 DEM
1238,SC0024,1239,337 REP
1238,SC0024,1240,337 NP
1238,SC0024,1241,FED06 DEM
1238,SC0024,1242,FED06 REP
1243,SC0025,1243,338 DEM
1243,SC0025,1244,338 REP
1243,SC0025,1245,FED14 DEM
1243,SC0025,1246,FED14 REP
1247,SC0026,1247,339 DEM
1247,SC0026,1248,339 REP
1247,SC0026,1249,339 NP
1247,SC0026,1250,FED06 DEM
1247,SC0026,1251,FED06 REP
1247,SC0026,1252,340 DEM
1247,SC0026,1253,340 REP
1254,SC0027,1254,341 DEM
1254,SC0027,1255,341 REP
1254,SC0027,1256,FED06 DEM
1254,SC0027,1257,FED06 REP
1254,SC0027,1258,342 DEM
1254,SC0027,1259,342 REP
1254,SC0027,1260,342 NP
1261,SC0028,1261,343 DEM
1261,SC0028,1262,343 REP
1261,SC0028,1263,FED06 DEM
1261,SC0028,1264,FED06 REP
1265,SC0029,1265,344 DEM
1265,SC0029,1266,344 REP
1265,SC0029,1267,344 NP
1265,SC0029,1268,FED06 DEM
1265,SC0029,1269,FED06 REP
1265,SC0029,1270,345 DEM
1265,SC0029,1271,345 REP
1265,SC0029,1272,345 NP
1273,SC0030,1273,346 DEM
1273,SC0030,1274,346 REP
1273,SC0030,1275,346 NP
1273,SC0030,1276,FED06 DEM
1273,SC0030,1277,FED06 REP
1278,SC0031,1278,347 DEM
1278,SC0031,1279,347 REP
1278,SC0031,1280,347 NP
1278,SC0031,1281,FED06 DEM
1278,SC0031,1282,FED06 REP
1278,SC0031,1283,348 DEM
1278,SC0031,1284,348 REP
1285,SC0032,1285,349 DEM
1285,SC0032,1286,349 REP
1285,SC0032,1287,FED06 DEM
1285,SC0032,1288,FED06 REP
1285,SC0032,1289,350 DEM
1285,SC0032,1290,350 REP
1285,SC0032,1291,350 NP
1292,SC0033,1292,351 DEM
1292,SC0033,1293,351 REP
1292,SC0033,1294,351 NP
1292,SC0033,1295,FED06 DEM
1292,SC0033,1296,FED06 REP
1292,SC0033,1297,352 DEM
1292,SC0033,1298,352 REP
1292,SC0033,1299,352 NP
1300,SC0034,1300,353 DEM
1300,SC0034,1301,353 REP
1300,SC0034,1302,FED14 DEM
1300,SC0034,1303,FED14 REP
1304,SG0001,1304,354 DEM
1304,SG0001,1305,354 REP
1304,SG0001,1306,FED14 DEM
1304,SG0001,1307,FED14 REP
1308,SG0002,1308,355 DEM
1308,SG0002,1309,355 REP
1308,SG0002,1310,FED14 DEM
1308,SG0002,1311,FED14 REP
1308,SG0002,1312,356 DEM
1308,SG0002,1313,356 REP
1308,SG0002,1314,357 DEM
1308,SG0002,1315,357 REP
1308,SG0002,1316,357 NP
1308,SG0002,1317,358 DEM
1308,SG0002,1318,358 REP
1308,SG0002,1319,358 NP
1320,SG0003,1320,359 DEM
1320,SG0003,1321,359 REP
1320,SG0003,1322,FED14 DEM
1320,SG0003,1323,FED14 REP
1324,SG0004,1324,360 DEM
1324,SG0004,1325,360 REP
1324,SG0004,1326,FED14 DEM
1324,SG0004,1327,FED14 REP
1328,SG0005,1328,361 DEM
1328,SG0005,1329,361 REP
1328,SG0005,1330,FED14 DEM
1328,SG0005,1331,FED14 REP
1332,SG0006,1332,362 DEM
1332,SG0006,1333,362 REP
1332,SG0006,1334,FED14 DEM
1332,SG0006,1335,FED14 REP
1336,VI0001,1336,363 DEM
1336,VI0001,1337,363 REP
1336,VI0001,1338,363 NP
1336,VI0001,1339,FED14 DEM
1336,VI0001,1340,FED14 REP
1336,VI0001,1341,364 DEM
1336,VI0001,1342,364 REP
1343,VI0002,1343,365 DEM
1343,VI0002,1344,365 REP
1343,VI0002,1345,FED14 DEM
1343,VI0002,1346,FED14 REP
1343,VI0002,1347,366 DEM
1343,VI0002,1348,366 REP
